First Name,Last Name,ID
John,Doe,12345678
Jane,Smith,87654321
Michael,Johnson,23456789
Emily,Davis,98765432
William,Brown,34567890
Olivia,Wilson,09876543
James,Taylor,45678901
Ava,Anderson,10987654
Robert,Thomas,56789012
Isabella,Jackson,21098765
David,White,67890123
Mia,Harris,32109876
Richard,Martin,78901234
Sophia,Thompson,43210987
Charles,Garcia,89012345
Charlotte,Martinez,54321098
Joseph,Robinson,90123456
Amelia,Clark,65432109
Thomas,Rodriguez,11223344
Grace,Lewis,22334455
Daniel,Lee,33445566
Zoe,Walker,44556677
Matthew,Hall,55667788
Lily,Allen,66778899
Anthony,Young,77889900
Ella,King,88990011
Christopher,Wright,99001122
Harper,Scott,10012233
Andrew,Green,21123344
Abigail,Adams,32234455